INSERT INTO users (id,name,email,password_hash,role,created_at) VALUES
(1,'Admin','admin@example.com','$2y$12$C8SbAiUsGqxVWdvHIoB5RedsZfD5KyFjhyvzwjAlKSFBEznGy72O2','admin',datetime('now')),
(2,'Teacher','teacher@example.com','$2y$12$uELsry56JwoWVcdM8fm.9uD3qqj.CHFDj94i7gxmMfW20TqK/WHYe','teacher',datetime('now')),
(3,'Student','student@example.com','$2y$12$MJyOxHSFsjtoXszeAZAmPena1UcpI9PNW8psYIkVfpcekybveeoFK','student',datetime('now')),
(4,'Student 2','student2@example.com','$2y$12$MJyOxHSFsjtoXszeAZAmPena1UcpI9PNW8psYIkVfpcekybveeoFK','student',datetime('now'));
INSERT INTO topics (title,description) VALUES ('Education','Practice essays about education with Cambridge criteria.');
INSERT INTO topics (title,description) VALUES ('Technology','Practice essays about technology with Cambridge criteria.');
INSERT INTO topics (title,description) VALUES ('Environment','Practice essays about environment with Cambridge criteria.');
INSERT INTO topics (title,description) VALUES ('Health','Practice essays about health with Cambridge criteria.');
INSERT INTO topics (title,description) VALUES ('Travel','Practice essays about travel with Cambridge criteria.');
INSERT INTO topics (title,description) VALUES ('Social Media','Practice essays about social media with Cambridge criteria.');
INSERT INTO topics (title,description) VALUES ('Family','Practice essays about family with Cambridge criteria.');
INSERT INTO topics (title,description) VALUES ('Part-time Jobs','Practice essays about part-time jobs with Cambridge criteria.');
INSERT INTO topics (title,description) VALUES ('Sport','Practice essays about sport with Cambridge criteria.');
INSERT INTO topics (title,description) VALUES ('Culture','Practice essays about culture with Cambridge criteria.');
INSERT INTO topics (title,description) VALUES ('Future Cities','Practice essays about future cities with Cambridge criteria.');
INSERT INTO topics (title,description) VALUES ('AI in daily life','Practice essays about ai in daily life with Cambridge criteria.');
INSERT INTO tasks (topic_id,title,prompt,requirements_json,outline_json,min_words,max_words,level) VALUES (1,'Task 1 - Education','Education: Discuss statement 1 and provide your opinion with examples.','["Address both viewpoints", "Provide at least one example", "Use formal tone"]','["Introduction with thesis", "Body paragraph 1", "Body paragraph 2", "Conclusion"]',150,260,'B2');
INSERT INTO tasks (topic_id,title,prompt,requirements_json,outline_json,min_words,max_words,level) VALUES (1,'Task 2 - Education','Education: Discuss statement 2 and provide your opinion with examples.','["Address both viewpoints", "Provide at least one example", "Use formal tone"]','["Introduction with thesis", "Body paragraph 1", "Body paragraph 2", "Conclusion"]',150,260,'C1');
INSERT INTO tasks (topic_id,title,prompt,requirements_json,outline_json,min_words,max_words,level) VALUES (1,'Task 3 - Education','Education: Discuss statement 3 and provide your opinion with examples.','["Address both viewpoints", "Provide at least one example", "Use formal tone"]','["Introduction with thesis", "Body paragraph 1", "Body paragraph 2", "Conclusion"]',150,260,'A2');
INSERT INTO tasks (topic_id,title,prompt,requirements_json,outline_json,min_words,max_words,level) VALUES (2,'Task 1 - Technology','Technology: Discuss statement 1 and provide your opinion with examples.','["Address both viewpoints", "Provide at least one example", "Use formal tone"]','["Introduction with thesis", "Body paragraph 1", "Body paragraph 2", "Conclusion"]',150,260,'C1');
INSERT INTO tasks (topic_id,title,prompt,requirements_json,outline_json,min_words,max_words,level) VALUES (2,'Task 2 - Technology','Technology: Discuss statement 2 and provide your opinion with examples.','["Address both viewpoints", "Provide at least one example", "Use formal tone"]','["Introduction with thesis", "Body paragraph 1", "Body paragraph 2", "Conclusion"]',150,260,'A2');
INSERT INTO tasks (topic_id,title,prompt,requirements_json,outline_json,min_words,max_words,level) VALUES (2,'Task 3 - Technology','Technology: Discuss statement 3 and provide your opinion with examples.','["Address both viewpoints", "Provide at least one example", "Use formal tone"]','["Introduction with thesis", "Body paragraph 1", "Body paragraph 2", "Conclusion"]',150,260,'B1');
INSERT INTO tasks (topic_id,title,prompt,requirements_json,outline_json,min_words,max_words,level) VALUES (3,'Task 1 - Environment','Environment: Discuss statement 1 and provide your opinion with examples.','["Address both viewpoints", "Provide at least one example", "Use formal tone"]','["Introduction with thesis", "Body paragraph 1", "Body paragraph 2", "Conclusion"]',150,260,'A2');
INSERT INTO tasks (topic_id,title,prompt,requirements_json,outline_json,min_words,max_words,level) VALUES (3,'Task 2 - Environment','Environment: Discuss statement 2 and provide your opinion with examples.','["Address both viewpoints", "Provide at least one example", "Use formal tone"]','["Introduction with thesis", "Body paragraph 1", "Body paragraph 2", "Conclusion"]',150,260,'B1');
INSERT INTO tasks (topic_id,title,prompt,requirements_json,outline_json,min_words,max_words,level) VALUES (3,'Task 3 - Environment','Environment: Discuss statement 3 and provide your opinion with examples.','["Address both viewpoints", "Provide at least one example", "Use formal tone"]','["Introduction with thesis", "Body paragraph 1", "Body paragraph 2", "Conclusion"]',150,260,'B2');
INSERT INTO tasks (topic_id,title,prompt,requirements_json,outline_json,min_words,max_words,level) VALUES (4,'Task 1 - Health','Health: Discuss statement 1 and provide your opinion with examples.','["Address both viewpoints", "Provide at least one example", "Use formal tone"]','["Introduction with thesis", "Body paragraph 1", "Body paragraph 2", "Conclusion"]',150,260,'B1');
INSERT INTO tasks (topic_id,title,prompt,requirements_json,outline_json,min_words,max_words,level) VALUES (4,'Task 2 - Health','Health: Discuss statement 2 and provide your opinion with examples.','["Address both viewpoints", "Provide at least one example", "Use formal tone"]','["Introduction with thesis", "Body paragraph 1", "Body paragraph 2", "Conclusion"]',150,260,'B2');
INSERT INTO tasks (topic_id,title,prompt,requirements_json,outline_json,min_words,max_words,level) VALUES (4,'Task 3 - Health','Health: Discuss statement 3 and provide your opinion with examples.','["Address both viewpoints", "Provide at least one example", "Use formal tone"]','["Introduction with thesis", "Body paragraph 1", "Body paragraph 2", "Conclusion"]',150,260,'C1');
INSERT INTO tasks (topic_id,title,prompt,requirements_json,outline_json,min_words,max_words,level) VALUES (5,'Task 1 - Travel','Travel: Discuss statement 1 and provide your opinion with examples.','["Address both viewpoints", "Provide at least one example", "Use formal tone"]','["Introduction with thesis", "Body paragraph 1", "Body paragraph 2", "Conclusion"]',150,260,'B2');
INSERT INTO tasks (topic_id,title,prompt,requirements_json,outline_json,min_words,max_words,level) VALUES (5,'Task 2 - Travel','Travel: Discuss statement 2 and provide your opinion with examples.','["Address both viewpoints", "Provide at least one example", "Use formal tone"]','["Introduction with thesis", "Body paragraph 1", "Body paragraph 2", "Conclusion"]',150,260,'C1');
INSERT INTO tasks (topic_id,title,prompt,requirements_json,outline_json,min_words,max_words,level) VALUES (5,'Task 3 - Travel','Travel: Discuss statement 3 and provide your opinion with examples.','["Address both viewpoints", "Provide at least one example", "Use formal tone"]','["Introduction with thesis", "Body paragraph 1", "Body paragraph 2", "Conclusion"]',150,260,'A2');
INSERT INTO tasks (topic_id,title,prompt,requirements_json,outline_json,min_words,max_words,level) VALUES (6,'Task 1 - Social Media','Social Media: Discuss statement 1 and provide your opinion with examples.','["Address both viewpoints", "Provide at least one example", "Use formal tone"]','["Introduction with thesis", "Body paragraph 1", "Body paragraph 2", "Conclusion"]',150,260,'C1');
INSERT INTO tasks (topic_id,title,prompt,requirements_json,outline_json,min_words,max_words,level) VALUES (6,'Task 2 - Social Media','Social Media: Discuss statement 2 and provide your opinion with examples.','["Address both viewpoints", "Provide at least one example", "Use formal tone"]','["Introduction with thesis", "Body paragraph 1", "Body paragraph 2", "Conclusion"]',150,260,'A2');
INSERT INTO tasks (topic_id,title,prompt,requirements_json,outline_json,min_words,max_words,level) VALUES (6,'Task 3 - Social Media','Social Media: Discuss statement 3 and provide your opinion with examples.','["Address both viewpoints", "Provide at least one example", "Use formal tone"]','["Introduction with thesis", "Body paragraph 1", "Body paragraph 2", "Conclusion"]',150,260,'B1');
INSERT INTO tasks (topic_id,title,prompt,requirements_json,outline_json,min_words,max_words,level) VALUES (7,'Task 1 - Family','Family: Discuss statement 1 and provide your opinion with examples.','["Address both viewpoints", "Provide at least one example", "Use formal tone"]','["Introduction with thesis", "Body paragraph 1", "Body paragraph 2", "Conclusion"]',150,260,'A2');
INSERT INTO tasks (topic_id,title,prompt,requirements_json,outline_json,min_words,max_words,level) VALUES (7,'Task 2 - Family','Family: Discuss statement 2 and provide your opinion with examples.','["Address both viewpoints", "Provide at least one example", "Use formal tone"]','["Introduction with thesis", "Body paragraph 1", "Body paragraph 2", "Conclusion"]',150,260,'B1');
INSERT INTO tasks (topic_id,title,prompt,requirements_json,outline_json,min_words,max_words,level) VALUES (7,'Task 3 - Family','Family: Discuss statement 3 and provide your opinion with examples.','["Address both viewpoints", "Provide at least one example", "Use formal tone"]','["Introduction with thesis", "Body paragraph 1", "Body paragraph 2", "Conclusion"]',150,260,'B2');
INSERT INTO tasks (topic_id,title,prompt,requirements_json,outline_json,min_words,max_words,level) VALUES (8,'Task 1 - Part-time Jobs','Part-time Jobs: Discuss statement 1 and provide your opinion with examples.','["Address both viewpoints", "Provide at least one example", "Use formal tone"]','["Introduction with thesis", "Body paragraph 1", "Body paragraph 2", "Conclusion"]',150,260,'B1');
INSERT INTO tasks (topic_id,title,prompt,requirements_json,outline_json,min_words,max_words,level) VALUES (8,'Task 2 - Part-time Jobs','Part-time Jobs: Discuss statement 2 and provide your opinion with examples.','["Address both viewpoints", "Provide at least one example", "Use formal tone"]','["Introduction with thesis", "Body paragraph 1", "Body paragraph 2", "Conclusion"]',150,260,'B2');
INSERT INTO tasks (topic_id,title,prompt,requirements_json,outline_json,min_words,max_words,level) VALUES (8,'Task 3 - Part-time Jobs','Part-time Jobs: Discuss statement 3 and provide your opinion with examples.','["Address both viewpoints", "Provide at least one example", "Use formal tone"]','["Introduction with thesis", "Body paragraph 1", "Body paragraph 2", "Conclusion"]',150,260,'C1');
INSERT INTO tasks (topic_id,title,prompt,requirements_json,outline_json,min_words,max_words,level) VALUES (9,'Task 1 - Sport','Sport: Discuss statement 1 and provide your opinion with examples.','["Address both viewpoints", "Provide at least one example", "Use formal tone"]','["Introduction with thesis", "Body paragraph 1", "Body paragraph 2", "Conclusion"]',150,260,'B2');
INSERT INTO tasks (topic_id,title,prompt,requirements_json,outline_json,min_words,max_words,level) VALUES (9,'Task 2 - Sport','Sport: Discuss statement 2 and provide your opinion with examples.','["Address both viewpoints", "Provide at least one example", "Use formal tone"]','["Introduction with thesis", "Body paragraph 1", "Body paragraph 2", "Conclusion"]',150,260,'C1');
INSERT INTO tasks (topic_id,title,prompt,requirements_json,outline_json,min_words,max_words,level) VALUES (9,'Task 3 - Sport','Sport: Discuss statement 3 and provide your opinion with examples.','["Address both viewpoints", "Provide at least one example", "Use formal tone"]','["Introduction with thesis", "Body paragraph 1", "Body paragraph 2", "Conclusion"]',150,260,'A2');
INSERT INTO tasks (topic_id,title,prompt,requirements_json,outline_json,min_words,max_words,level) VALUES (10,'Task 1 - Culture','Culture: Discuss statement 1 and provide your opinion with examples.','["Address both viewpoints", "Provide at least one example", "Use formal tone"]','["Introduction with thesis", "Body paragraph 1", "Body paragraph 2", "Conclusion"]',150,260,'C1');
INSERT INTO tasks (topic_id,title,prompt,requirements_json,outline_json,min_words,max_words,level) VALUES (10,'Task 2 - Culture','Culture: Discuss statement 2 and provide your opinion with examples.','["Address both viewpoints", "Provide at least one example", "Use formal tone"]','["Introduction with thesis", "Body paragraph 1", "Body paragraph 2", "Conclusion"]',150,260,'A2');
INSERT INTO tasks (topic_id,title,prompt,requirements_json,outline_json,min_words,max_words,level) VALUES (10,'Task 3 - Culture','Culture: Discuss statement 3 and provide your opinion with examples.','["Address both viewpoints", "Provide at least one example", "Use formal tone"]','["Introduction with thesis", "Body paragraph 1", "Body paragraph 2", "Conclusion"]',150,260,'B1');
INSERT INTO tasks (topic_id,title,prompt,requirements_json,outline_json,min_words,max_words,level) VALUES (11,'Task 1 - Future Cities','Future Cities: Discuss statement 1 and provide your opinion with examples.','["Address both viewpoints", "Provide at least one example", "Use formal tone"]','["Introduction with thesis", "Body paragraph 1", "Body paragraph 2", "Conclusion"]',150,260,'A2');
INSERT INTO tasks (topic_id,title,prompt,requirements_json,outline_json,min_words,max_words,level) VALUES (11,'Task 2 - Future Cities','Future Cities: Discuss statement 2 and provide your opinion with examples.','["Address both viewpoints", "Provide at least one example", "Use formal tone"]','["Introduction with thesis", "Body paragraph 1", "Body paragraph 2", "Conclusion"]',150,260,'B1');
INSERT INTO tasks (topic_id,title,prompt,requirements_json,outline_json,min_words,max_words,level) VALUES (11,'Task 3 - Future Cities','Future Cities: Discuss statement 3 and provide your opinion with examples.','["Address both viewpoints", "Provide at least one example", "Use formal tone"]','["Introduction with thesis", "Body paragraph 1", "Body paragraph 2", "Conclusion"]',150,260,'B2');
INSERT INTO tasks (topic_id,title,prompt,requirements_json,outline_json,min_words,max_words,level) VALUES (12,'Task 1 - AI in daily life','AI in daily life: Discuss statement 1 and provide your opinion with examples.','["Address both viewpoints", "Provide at least one example", "Use formal tone"]','["Introduction with thesis", "Body paragraph 1", "Body paragraph 2", "Conclusion"]',150,260,'B1');
INSERT INTO tasks (topic_id,title,prompt,requirements_json,outline_json,min_words,max_words,level) VALUES (12,'Task 2 - AI in daily life','AI in daily life: Discuss statement 2 and provide your opinion with examples.','["Address both viewpoints", "Provide at least one example", "Use formal tone"]','["Introduction with thesis", "Body paragraph 1", "Body paragraph 2", "Conclusion"]',150,260,'B2');
INSERT INTO tasks (topic_id,title,prompt,requirements_json,outline_json,min_words,max_words,level) VALUES (12,'Task 3 - AI in daily life','AI in daily life: Discuss statement 3 and provide your opinion with examples.','["Address both viewpoints", "Provide at least one example", "Use formal tone"]','["Introduction with thesis", "Body paragraph 1", "Body paragraph 2", "Conclusion"]',150,260,'C1');
INSERT INTO submissions (id,user_id,task_id,title,content,word_count,status,created_at) VALUES (1,3,2,'Demo submission 1','In my opinion, this topic is very important for modern society. However many students do a decision quickly and use stuff in informal ways. Therefore schools should provide clear guidance and practical examples for long-term benefits.',36,'reviewed',datetime('now','-19 day'));
INSERT INTO submission_versions (submission_id,version_no,content,created_at) VALUES (1,1,'In my opinion, this topic is very important for modern society. However many students do a decision quickly and use stuff in informal ways. Therefore schools should provide clear guidance and practical examples for long-term benefits.',datetime('now','-19 day'));
INSERT INTO auto_feedback (submission_id,annotations_json,summary_json,error_counts_json,created_at) VALUES (1,'[{"type": "LEX_INFORMAL", "message": "Informal expression stuff", "suggestion": "Use formal vocabulary"}]','{"task": {"score_suggested": 5.5, "rationale": "Basic coverage"}, "coh": {"score_suggested": 5.0, "rationale": "Need stronger transitions"}, "lex": {"score_suggested": 5.5, "rationale": "Some repetition"}, "gra": {"score_suggested": 5.0, "rationale": "Grammar issues"}}','{"LEX_INFORMAL": 1, "LEX_WRONG_COLLOCATION": 1, "COH_POOR_TRANSITION": 1}',datetime('now','-19 day'));
INSERT INTO error_events (submission_id,error_code,severity,snippet,created_at) VALUES (1,'LEX_WRONG_COLLOCATION','medium','In my opinion, this topic is very important for modern society. However many students do a decision ',datetime('now','-19 day'));
INSERT INTO error_events (submission_id,error_code,severity,snippet,created_at) VALUES (1,'GRA_SVA','medium','In my opinion, this topic is very important for modern society. However many students do a decision ',datetime('now','-19 day'));
INSERT INTO error_events (submission_id,error_code,severity,snippet,created_at) VALUES (1,'TASK_UNDERDEVELOPED','medium','In my opinion, this topic is very important for modern society. However many students do a decision ',datetime('now','-19 day'));
INSERT INTO teacher_reviews (submission_id,teacher_id,score_task,score_coh,score_lex,score_gra,overall,comments,featured,reviewed_at) VALUES (1,2,6.9,5.1,6.1,6.0,6.0,'Good attempt. Improve thesis and cohesion.',1,datetime('now','-19 day'));
INSERT INTO featured_essays (submission_id,approved_by,approved_at) VALUES (1,2,datetime('now','-19 day'));
INSERT INTO submissions (id,user_id,task_id,title,content,word_count,status,created_at) VALUES (2,4,3,'Demo submission 2','In my opinion, this topic is very important for modern society. However many students do a decision quickly and use stuff in informal ways. Therefore schools should provide clear guidance and practical examples for long-term benefits.',36,'reviewed',datetime('now','-18 day'));
INSERT INTO submission_versions (submission_id,version_no,content,created_at) VALUES (2,1,'In my opinion, this topic is very important for modern society. However many students do a decision quickly and use stuff in informal ways. Therefore schools should provide clear guidance and practical examples for long-term benefits.',datetime('now','-18 day'));
INSERT INTO auto_feedback (submission_id,annotations_json,summary_json,error_counts_json,created_at) VALUES (2,'[{"type": "LEX_INFORMAL", "message": "Informal expression stuff", "suggestion": "Use formal vocabulary"}]','{"task": {"score_suggested": 5.5, "rationale": "Basic coverage"}, "coh": {"score_suggested": 5.0, "rationale": "Need stronger transitions"}, "lex": {"score_suggested": 5.5, "rationale": "Some repetition"}, "gra": {"score_suggested": 5.0, "rationale": "Grammar issues"}}','{"LEX_INFORMAL": 1, "LEX_WRONG_COLLOCATION": 1, "COH_POOR_TRANSITION": 1}',datetime('now','-18 day'));
INSERT INTO error_events (submission_id,error_code,severity,snippet,created_at) VALUES (2,'COH_POOR_TRANSITION','medium','In my opinion, this topic is very important for modern society. However many students do a decision ',datetime('now','-18 day'));
INSERT INTO error_events (submission_id,error_code,severity,snippet,created_at) VALUES (2,'TASK_NO_EXAMPLE','medium','In my opinion, this topic is very important for modern society. However many students do a decision ',datetime('now','-18 day'));
INSERT INTO error_events (submission_id,error_code,severity,snippet,created_at) VALUES (2,'GRA_TENSE','medium','In my opinion, this topic is very important for modern society. However many students do a decision ',datetime('now','-18 day'));
INSERT INTO teacher_reviews (submission_id,teacher_id,score_task,score_coh,score_lex,score_gra,overall,comments,featured,reviewed_at) VALUES (2,2,5.9,6.2,6.5,6.4,6.2,'Good attempt. Improve thesis and cohesion.',1,datetime('now','-18 day'));
INSERT INTO featured_essays (submission_id,approved_by,approved_at) VALUES (2,2,datetime('now','-18 day'));
INSERT INTO submissions (id,user_id,task_id,title,content,word_count,status,created_at) VALUES (3,3,4,'Demo submission 3','In my opinion, this topic is very important for modern society. However many students do a decision quickly and use stuff in informal ways. Therefore schools should provide clear guidance and practical examples for long-term benefits.',36,'reviewed',datetime('now','-17 day'));
INSERT INTO submission_versions (submission_id,version_no,content,created_at) VALUES (3,1,'In my opinion, this topic is very important for modern society. However many students do a decision quickly and use stuff in informal ways. Therefore schools should provide clear guidance and practical examples for long-term benefits.',datetime('now','-17 day'));
INSERT INTO auto_feedback (submission_id,annotations_json,summary_json,error_counts_json,created_at) VALUES (3,'[{"type": "LEX_INFORMAL", "message": "Informal expression stuff", "suggestion": "Use formal vocabulary"}]','{"task": {"score_suggested": 5.5, "rationale": "Basic coverage"}, "coh": {"score_suggested": 5.0, "rationale": "Need stronger transitions"}, "lex": {"score_suggested": 5.5, "rationale": "Some repetition"}, "gra": {"score_suggested": 5.0, "rationale": "Grammar issues"}}','{"LEX_INFORMAL": 1, "LEX_WRONG_COLLOCATION": 1, "COH_POOR_TRANSITION": 1}',datetime('now','-17 day'));
INSERT INTO error_events (submission_id,error_code,severity,snippet,created_at) VALUES (3,'COH_POOR_TRANSITION','medium','In my opinion, this topic is very important for modern society. However many students do a decision ',datetime('now','-17 day'));
INSERT INTO error_events (submission_id,error_code,severity,snippet,created_at) VALUES (3,'TASK_NO_EXAMPLE','medium','In my opinion, this topic is very important for modern society. However many students do a decision ',datetime('now','-17 day'));
INSERT INTO error_events (submission_id,error_code,severity,snippet,created_at) VALUES (3,'LEX_WORD_CHOICE','medium','In my opinion, this topic is very important for modern society. However many students do a decision ',datetime('now','-17 day'));
INSERT INTO teacher_reviews (submission_id,teacher_id,score_task,score_coh,score_lex,score_gra,overall,comments,featured,reviewed_at) VALUES (3,2,5.7,5.6,6.2,6.3,6.0,'Good attempt. Improve thesis and cohesion.',1,datetime('now','-17 day'));
INSERT INTO featured_essays (submission_id,approved_by,approved_at) VALUES (3,2,datetime('now','-17 day'));
INSERT INTO submissions (id,user_id,task_id,title,content,word_count,status,created_at) VALUES (4,4,5,'Demo submission 4','In my opinion, this topic is very important for modern society. However many students do a decision quickly and use stuff in informal ways. Therefore schools should provide clear guidance and practical examples for long-term benefits.',36,'reviewed',datetime('now','-16 day'));
INSERT INTO submission_versions (submission_id,version_no,content,created_at) VALUES (4,1,'In my opinion, this topic is very important for modern society. However many students do a decision quickly and use stuff in informal ways. Therefore schools should provide clear guidance and practical examples for long-term benefits.',datetime('now','-16 day'));
INSERT INTO auto_feedback (submission_id,annotations_json,summary_json,error_counts_json,created_at) VALUES (4,'[{"type": "LEX_INFORMAL", "message": "Informal expression stuff", "suggestion": "Use formal vocabulary"}]','{"task": {"score_suggested": 5.5, "rationale": "Basic coverage"}, "coh": {"score_suggested": 5.0, "rationale": "Need stronger transitions"}, "lex": {"score_suggested": 5.5, "rationale": "Some repetition"}, "gra": {"score_suggested": 5.0, "rationale": "Grammar issues"}}','{"LEX_INFORMAL": 1, "LEX_WRONG_COLLOCATION": 1, "COH_POOR_TRANSITION": 1}',datetime('now','-16 day'));
INSERT INTO error_events (submission_id,error_code,severity,snippet,created_at) VALUES (4,'SPELLING','medium','In my opinion, this topic is very important for modern society. However many students do a decision ',datetime('now','-16 day'));
INSERT INTO error_events (submission_id,error_code,severity,snippet,created_at) VALUES (4,'LEX_INFORMAL','medium','In my opinion, this topic is very important for modern society. However many students do a decision ',datetime('now','-16 day'));
INSERT INTO error_events (submission_id,error_code,severity,snippet,created_at) VALUES (4,'GRA_PUNCT','medium','In my opinion, this topic is very important for modern society. However many students do a decision ',datetime('now','-16 day'));
INSERT INTO teacher_reviews (submission_id,teacher_id,score_task,score_coh,score_lex,score_gra,overall,comments,featured,reviewed_at) VALUES (4,2,6.2,5.9,5.4,6.9,6.1,'Good attempt. Improve thesis and cohesion.',1,datetime('now','-16 day'));
INSERT INTO featured_essays (submission_id,approved_by,approved_at) VALUES (4,2,datetime('now','-16 day'));
INSERT INTO submissions (id,user_id,task_id,title,content,word_count,status,created_at) VALUES (5,3,6,'Demo submission 5','In my opinion, this topic is very important for modern society. However many students do a decision quickly and use stuff in informal ways. Therefore schools should provide clear guidance and practical examples for long-term benefits.',36,'reviewed',datetime('now','-15 day'));
INSERT INTO submission_versions (submission_id,version_no,content,created_at) VALUES (5,1,'In my opinion, this topic is very important for modern society. However many students do a decision quickly and use stuff in informal ways. Therefore schools should provide clear guidance and practical examples for long-term benefits.',datetime('now','-15 day'));
INSERT INTO auto_feedback (submission_id,annotations_json,summary_json,error_counts_json,created_at) VALUES (5,'[{"type": "LEX_INFORMAL", "message": "Informal expression stuff", "suggestion": "Use formal vocabulary"}]','{"task": {"score_suggested": 5.5, "rationale": "Basic coverage"}, "coh": {"score_suggested": 5.0, "rationale": "Need stronger transitions"}, "lex": {"score_suggested": 5.5, "rationale": "Some repetition"}, "gra": {"score_suggested": 5.0, "rationale": "Grammar issues"}}','{"LEX_INFORMAL": 1, "LEX_WRONG_COLLOCATION": 1, "COH_POOR_TRANSITION": 1}',datetime('now','-15 day'));
INSERT INTO error_events (submission_id,error_code,severity,snippet,created_at) VALUES (5,'GRA_ARTICLE','medium','In my opinion, this topic is very important for modern society. However many students do a decision ',datetime('now','-15 day'));
INSERT INTO error_events (submission_id,error_code,severity,snippet,created_at) VALUES (5,'GRA_PUNCT','medium','In my opinion, this topic is very important for modern society. However many students do a decision ',datetime('now','-15 day'));
INSERT INTO error_events (submission_id,error_code,severity,snippet,created_at) VALUES (5,'GRA_FRAGMENT','medium','In my opinion, this topic is very important for modern society. However many students do a decision ',datetime('now','-15 day'));
INSERT INTO teacher_reviews (submission_id,teacher_id,score_task,score_coh,score_lex,score_gra,overall,comments,featured,reviewed_at) VALUES (5,2,5.5,5.8,5.3,5.1,5.4,'Good attempt. Improve thesis and cohesion.',1,datetime('now','-15 day'));
INSERT INTO featured_essays (submission_id,approved_by,approved_at) VALUES (5,2,datetime('now','-15 day'));
INSERT INTO submissions (id,user_id,task_id,title,content,word_count,status,created_at) VALUES (6,4,7,'Demo submission 6','In my opinion, this topic is very important for modern society. However many students do a decision quickly and use stuff in informal ways. Therefore schools should provide clear guidance and practical examples for long-term benefits.',36,'reviewed',datetime('now','-14 day'));
INSERT INTO submission_versions (submission_id,version_no,content,created_at) VALUES (6,1,'In my opinion, this topic is very important for modern society. However many students do a decision quickly and use stuff in informal ways. Therefore schools should provide clear guidance and practical examples for long-term benefits.',datetime('now','-14 day'));
INSERT INTO auto_feedback (submission_id,annotations_json,summary_json,error_counts_json,created_at) VALUES (6,'[{"type": "LEX_INFORMAL", "message": "Informal expression stuff", "suggestion": "Use formal vocabulary"}]','{"task": {"score_suggested": 5.5, "rationale": "Basic coverage"}, "coh": {"score_suggested": 5.0, "rationale": "Need stronger transitions"}, "lex": {"score_suggested": 5.5, "rationale": "Some repetition"}, "gra": {"score_suggested": 5.0, "rationale": "Grammar issues"}}','{"LEX_INFORMAL": 1, "LEX_WRONG_COLLOCATION": 1, "COH_POOR_TRANSITION": 1}',datetime('now','-14 day'));
INSERT INTO error_events (submission_id,error_code,severity,snippet,created_at) VALUES (6,'GRA_PUNCT','medium','In my opinion, this topic is very important for modern society. However many students do a decision ',datetime('now','-14 day'));
INSERT INTO error_events (submission_id,error_code,severity,snippet,created_at) VALUES (6,'TASK_OFF_TOPIC','medium','In my opinion, this topic is very important for modern society. However many students do a decision ',datetime('now','-14 day'));
INSERT INTO error_events (submission_id,error_code,severity,snippet,created_at) VALUES (6,'SPELLING','medium','In my opinion, this topic is very important for modern society. However many students do a decision ',datetime('now','-14 day'));
INSERT INTO teacher_reviews (submission_id,teacher_id,score_task,score_coh,score_lex,score_gra,overall,comments,featured,reviewed_at) VALUES (6,2,6.6,6.5,5.6,5.9,6.2,'Good attempt. Improve thesis and cohesion.',1,datetime('now','-14 day'));
INSERT INTO featured_essays (submission_id,approved_by,approved_at) VALUES (6,2,datetime('now','-14 day'));
INSERT INTO submissions (id,user_id,task_id,title,content,word_count,status,created_at) VALUES (7,3,8,'Demo submission 7','In my opinion, this topic is very important for modern society. However many students do a decision quickly and use stuff in informal ways. Therefore schools should provide clear guidance and practical examples for long-term benefits.',36,'reviewed',datetime('now','-13 day'));
INSERT INTO submission_versions (submission_id,version_no,content,created_at) VALUES (7,1,'In my opinion, this topic is very important for modern society. However many students do a decision quickly and use stuff in informal ways. Therefore schools should provide clear guidance and practical examples for long-term benefits.',datetime('now','-13 day'));
INSERT INTO auto_feedback (submission_id,annotations_json,summary_json,error_counts_json,created_at) VALUES (7,'[{"type": "LEX_INFORMAL", "message": "Informal expression stuff", "suggestion": "Use formal vocabulary"}]','{"task": {"score_suggested": 5.5, "rationale": "Basic coverage"}, "coh": {"score_suggested": 5.0, "rationale": "Need stronger transitions"}, "lex": {"score_suggested": 5.5, "rationale": "Some repetition"}, "gra": {"score_suggested": 5.0, "rationale": "Grammar issues"}}','{"LEX_INFORMAL": 1, "LEX_WRONG_COLLOCATION": 1, "COH_POOR_TRANSITION": 1}',datetime('now','-13 day'));
INSERT INTO error_events (submission_id,error_code,severity,snippet,created_at) VALUES (7,'COH_POOR_TRANSITION','medium','In my opinion, this topic is very important for modern society. However many students do a decision ',datetime('now','-13 day'));
INSERT INTO error_events (submission_id,error_code,severity,snippet,created_at) VALUES (7,'LEX_WORD_CHOICE','medium','In my opinion, this topic is very important for modern society. However many students do a decision ',datetime('now','-13 day'));
INSERT INTO error_events (submission_id,error_code,severity,snippet,created_at) VALUES (7,'SPELLING','medium','In my opinion, this topic is very important for modern society. However many students do a decision ',datetime('now','-13 day'));
INSERT INTO teacher_reviews (submission_id,teacher_id,score_task,score_coh,score_lex,score_gra,overall,comments,featured,reviewed_at) VALUES (7,2,5.7,5.0,6.9,5.8,5.9,'Good attempt. Improve thesis and cohesion.',1,datetime('now','-13 day'));
INSERT INTO featured_essays (submission_id,approved_by,approved_at) VALUES (7,2,datetime('now','-13 day'));
INSERT INTO submissions (id,user_id,task_id,title,content,word_count,status,created_at) VALUES (8,4,9,'Demo submission 8','In my opinion, this topic is very important for modern society. However many students do a decision quickly and use stuff in informal ways. Therefore schools should provide clear guidance and practical examples for long-term benefits.',36,'reviewed',datetime('now','-12 day'));
INSERT INTO submission_versions (submission_id,version_no,content,created_at) VALUES (8,1,'In my opinion, this topic is very important for modern society. However many students do a decision quickly and use stuff in informal ways. Therefore schools should provide clear guidance and practical examples for long-term benefits.',datetime('now','-12 day'));
INSERT INTO auto_feedback (submission_id,annotations_json,summary_json,error_counts_json,created_at) VALUES (8,'[{"type": "LEX_INFORMAL", "message": "Informal expression stuff", "suggestion": "Use formal vocabulary"}]','{"task": {"score_suggested": 5.5, "rationale": "Basic coverage"}, "coh": {"score_suggested": 5.0, "rationale": "Need stronger transitions"}, "lex": {"score_suggested": 5.5, "rationale": "Some repetition"}, "gra": {"score_suggested": 5.0, "rationale": "Grammar issues"}}','{"LEX_INFORMAL": 1, "LEX_WRONG_COLLOCATION": 1, "COH_POOR_TRANSITION": 1}',datetime('now','-12 day'));
INSERT INTO error_events (submission_id,error_code,severity,snippet,created_at) VALUES (8,'COH_NO_TOPIC_SENTENCE','medium','In my opinion, this topic is very important for modern society. However many students do a decision ',datetime('now','-12 day'));
INSERT INTO error_events (submission_id,error_code,severity,snippet,created_at) VALUES (8,'GRA_ARTICLE','medium','In my opinion, this topic is very important for modern society. However many students do a decision ',datetime('now','-12 day'));
INSERT INTO error_events (submission_id,error_code,severity,snippet,created_at) VALUES (8,'GRA_SVA','medium','In my opinion, this topic is very important for modern society. However many students do a decision ',datetime('now','-12 day'));
INSERT INTO teacher_reviews (submission_id,teacher_id,score_task,score_coh,score_lex,score_gra,overall,comments,featured,reviewed_at) VALUES (8,2,5.2,6.4,6.0,6.1,5.9,'Good attempt. Improve thesis and cohesion.',1,datetime('now','-12 day'));
INSERT INTO featured_essays (submission_id,approved_by,approved_at) VALUES (8,2,datetime('now','-12 day'));
INSERT INTO submissions (id,user_id,task_id,title,content,word_count,status,created_at) VALUES (9,3,10,'Demo submission 9','In my opinion, this topic is very important for modern society. However many students do a decision quickly and use stuff in informal ways. Therefore schools should provide clear guidance and practical examples for long-term benefits.',36,'reviewed',datetime('now','-11 day'));
INSERT INTO submission_versions (submission_id,version_no,content,created_at) VALUES (9,1,'In my opinion, this topic is very important for modern society. However many students do a decision quickly and use stuff in informal ways. Therefore schools should provide clear guidance and practical examples for long-term benefits.',datetime('now','-11 day'));
INSERT INTO auto_feedback (submission_id,annotations_json,summary_json,error_counts_json,created_at) VALUES (9,'[{"type": "LEX_INFORMAL", "message": "Informal expression stuff", "suggestion": "Use formal vocabulary"}]','{"task": {"score_suggested": 5.5, "rationale": "Basic coverage"}, "coh": {"score_suggested": 5.0, "rationale": "Need stronger transitions"}, "lex": {"score_suggested": 5.5, "rationale": "Some repetition"}, "gra": {"score_suggested": 5.0, "rationale": "Grammar issues"}}','{"LEX_INFORMAL": 1, "LEX_WRONG_COLLOCATION": 1, "COH_POOR_TRANSITION": 1}',datetime('now','-11 day'));
INSERT INTO error_events (submission_id,error_code,severity,snippet,created_at) VALUES (9,'GRA_SVA','medium','In my opinion, this topic is very important for modern society. However many students do a decision ',datetime('now','-11 day'));
INSERT INTO error_events (submission_id,error_code,severity,snippet,created_at) VALUES (9,'TASK_NO_EXAMPLE','medium','In my opinion, this topic is very important for modern society. However many students do a decision ',datetime('now','-11 day'));
INSERT INTO error_events (submission_id,error_code,severity,snippet,created_at) VALUES (9,'LEX_REPETITION','medium','In my opinion, this topic is very important for modern society. However many students do a decision ',datetime('now','-11 day'));
INSERT INTO teacher_reviews (submission_id,teacher_id,score_task,score_coh,score_lex,score_gra,overall,comments,featured,reviewed_at) VALUES (9,2,6.2,6.9,6.8,5.1,6.2,'Good attempt. Improve thesis and cohesion.',0,datetime('now','-11 day'));
INSERT INTO submissions (id,user_id,task_id,title,content,word_count,status,created_at) VALUES (10,4,11,'Demo submission 10','In my opinion, this topic is very important for modern society. However many students do a decision quickly and use stuff in informal ways. Therefore schools should provide clear guidance and practical examples for long-term benefits.',36,'reviewed',datetime('now','-10 day'));
INSERT INTO submission_versions (submission_id,version_no,content,created_at) VALUES (10,1,'In my opinion, this topic is very important for modern society. However many students do a decision quickly and use stuff in informal ways. Therefore schools should provide clear guidance and practical examples for long-term benefits.',datetime('now','-10 day'));
INSERT INTO auto_feedback (submission_id,annotations_json,summary_json,error_counts_json,created_at) VALUES (10,'[{"type": "LEX_INFORMAL", "message": "Informal expression stuff", "suggestion": "Use formal vocabulary"}]','{"task": {"score_suggested": 5.5, "rationale": "Basic coverage"}, "coh": {"score_suggested": 5.0, "rationale": "Need stronger transitions"}, "lex": {"score_suggested": 5.5, "rationale": "Some repetition"}, "gra": {"score_suggested": 5.0, "rationale": "Grammar issues"}}','{"LEX_INFORMAL": 1, "LEX_WRONG_COLLOCATION": 1, "COH_POOR_TRANSITION": 1}',datetime('now','-10 day'));
INSERT INTO error_events (submission_id,error_code,severity,snippet,created_at) VALUES (10,'GRA_TENSE','medium','In my opinion, this topic is very important for modern society. However many students do a decision ',datetime('now','-10 day'));
INSERT INTO error_events (submission_id,error_code,severity,snippet,created_at) VALUES (10,'TASK_UNDERDEVELOPED','medium','In my opinion, this topic is very important for modern society. However many students do a decision ',datetime('now','-10 day'));
INSERT INTO error_events (submission_id,error_code,severity,snippet,created_at) VALUES (10,'SPELLING','medium','In my opinion, this topic is very important for modern society. However many students do a decision ',datetime('now','-10 day'));
INSERT INTO teacher_reviews (submission_id,teacher_id,score_task,score_coh,score_lex,score_gra,overall,comments,featured,reviewed_at) VALUES (10,2,6.4,5.2,5.1,5.4,5.5,'Good attempt. Improve thesis and cohesion.',0,datetime('now','-10 day'));
INSERT INTO submissions (id,user_id,task_id,title,content,word_count,status,created_at) VALUES (11,3,12,'Demo submission 11','In my opinion, this topic is very important for modern society. However many students do a decision quickly and use stuff in informal ways. Therefore schools should provide clear guidance and practical examples for long-term benefits.',36,'reviewed',datetime('now','-9 day'));
INSERT INTO submission_versions (submission_id,version_no,content,created_at) VALUES (11,1,'In my opinion, this topic is very important for modern society. However many students do a decision quickly and use stuff in informal ways. Therefore schools should provide clear guidance and practical examples for long-term benefits.',datetime('now','-9 day'));
INSERT INTO auto_feedback (submission_id,annotations_json,summary_json,error_counts_json,created_at) VALUES (11,'[{"type": "LEX_INFORMAL", "message": "Informal expression stuff", "suggestion": "Use formal vocabulary"}]','{"task": {"score_suggested": 5.5, "rationale": "Basic coverage"}, "coh": {"score_suggested": 5.0, "rationale": "Need stronger transitions"}, "lex": {"score_suggested": 5.5, "rationale": "Some repetition"}, "gra": {"score_suggested": 5.0, "rationale": "Grammar issues"}}','{"LEX_INFORMAL": 1, "LEX_WRONG_COLLOCATION": 1, "COH_POOR_TRANSITION": 1}',datetime('now','-9 day'));
INSERT INTO error_events (submission_id,error_code,severity,snippet,created_at) VALUES (11,'LEX_WRONG_COLLOCATION','medium','In my opinion, this topic is very important for modern society. However many students do a decision ',datetime('now','-9 day'));
INSERT INTO error_events (submission_id,error_code,severity,snippet,created_at) VALUES (11,'LEX_REPETITION','medium','In my opinion, this topic is very important for modern society. However many students do a decision ',datetime('now','-9 day'));
INSERT INTO error_events (submission_id,error_code,severity,snippet,created_at) VALUES (11,'GRA_TENSE','medium','In my opinion, this topic is very important for modern society. However many students do a decision ',datetime('now','-9 day'));
INSERT INTO teacher_reviews (submission_id,teacher_id,score_task,score_coh,score_lex,score_gra,overall,comments,featured,reviewed_at) VALUES (11,2,6.7,6.2,6.2,5.2,6.1,'Good attempt. Improve thesis and cohesion.',0,datetime('now','-9 day'));
INSERT INTO submissions (id,user_id,task_id,title,content,word_count,status,created_at) VALUES (12,4,13,'Demo submission 12','In my opinion, this topic is very important for modern society. However many students do a decision quickly and use stuff in informal ways. Therefore schools should provide clear guidance and practical examples for long-term benefits.',36,'reviewed',datetime('now','-8 day'));
INSERT INTO submission_versions (submission_id,version_no,content,created_at) VALUES (12,1,'In my opinion, this topic is very important for modern society. However many students do a decision quickly and use stuff in informal ways. Therefore schools should provide clear guidance and practical examples for long-term benefits.',datetime('now','-8 day'));
INSERT INTO auto_feedback (submission_id,annotations_json,summary_json,error_counts_json,created_at) VALUES (12,'[{"type": "LEX_INFORMAL", "message": "Informal expression stuff", "suggestion": "Use formal vocabulary"}]','{"task": {"score_suggested": 5.5, "rationale": "Basic coverage"}, "coh": {"score_suggested": 5.0, "rationale": "Need stronger transitions"}, "lex": {"score_suggested": 5.5, "rationale": "Some repetition"}, "gra": {"score_suggested": 5.0, "rationale": "Grammar issues"}}','{"LEX_INFORMAL": 1, "LEX_WRONG_COLLOCATION": 1, "COH_POOR_TRANSITION": 1}',datetime('now','-8 day'));
INSERT INTO error_events (submission_id,error_code,severity,snippet,created_at) VALUES (12,'TASK_OFF_TOPIC','medium','In my opinion, this topic is very important for modern society. However many students do a decision ',datetime('now','-8 day'));
INSERT INTO error_events (submission_id,error_code,severity,snippet,created_at) VALUES (12,'COH_NO_TOPIC_SENTENCE','medium','In my opinion, this topic is very important for modern society. However many students do a decision ',datetime('now','-8 day'));
INSERT INTO error_events (submission_id,error_code,severity,snippet,created_at) VALUES (12,'GRA_SVA','medium','In my opinion, this topic is very important for modern society. However many students do a decision ',datetime('now','-8 day'));
INSERT INTO teacher_reviews (submission_id,teacher_id,score_task,score_coh,score_lex,score_gra,overall,comments,featured,reviewed_at) VALUES (12,2,5.6,5.4,5.8,5.6,5.6,'Good attempt. Improve thesis and cohesion.',0,datetime('now','-8 day'));
INSERT INTO submissions (id,user_id,task_id,title,content,word_count,status,created_at) VALUES (13,3,14,'Demo submission 13','In my opinion, this topic is very important for modern society. However many students do a decision quickly and use stuff in informal ways. Therefore schools should provide clear guidance and practical examples for long-term benefits.',36,'submitted',datetime('now','-7 day'));
INSERT INTO submission_versions (submission_id,version_no,content,created_at) VALUES (13,1,'In my opinion, this topic is very important for modern society. However many students do a decision quickly and use stuff in informal ways. Therefore schools should provide clear guidance and practical examples for long-term benefits.',datetime('now','-7 day'));
INSERT INTO auto_feedback (submission_id,annotations_json,summary_json,error_counts_json,created_at) VALUES (13,'[{"type": "LEX_INFORMAL", "message": "Informal expression stuff", "suggestion": "Use formal vocabulary"}]','{"task": {"score_suggested": 5.5, "rationale": "Basic coverage"}, "coh": {"score_suggested": 5.0, "rationale": "Need stronger transitions"}, "lex": {"score_suggested": 5.5, "rationale": "Some repetition"}, "gra": {"score_suggested": 5.0, "rationale": "Grammar issues"}}','{"LEX_INFORMAL": 1, "LEX_WRONG_COLLOCATION": 1, "COH_POOR_TRANSITION": 1}',datetime('now','-7 day'));
INSERT INTO error_events (submission_id,error_code,severity,snippet,created_at) VALUES (13,'GRA_TENSE','medium','In my opinion, this topic is very important for modern society. However many students do a decision ',datetime('now','-7 day'));
INSERT INTO error_events (submission_id,error_code,severity,snippet,created_at) VALUES (13,'LEX_WORD_CHOICE','medium','In my opinion, this topic is very important for modern society. However many students do a decision ',datetime('now','-7 day'));
INSERT INTO error_events (submission_id,error_code,severity,snippet,created_at) VALUES (13,'TASK_NO_EXAMPLE','medium','In my opinion, this topic is very important for modern society. However many students do a decision ',datetime('now','-7 day'));
INSERT INTO submissions (id,user_id,task_id,title,content,word_count,status,created_at) VALUES (14,4,15,'Demo submission 14','In my opinion, this topic is very important for modern society. However many students do a decision quickly and use stuff in informal ways. Therefore schools should provide clear guidance and practical examples for long-term benefits.',36,'submitted',datetime('now','-6 day'));
INSERT INTO submission_versions (submission_id,version_no,content,created_at) VALUES (14,1,'In my opinion, this topic is very important for modern society. However many students do a decision quickly and use stuff in informal ways. Therefore schools should provide clear guidance and practical examples for long-term benefits.',datetime('now','-6 day'));
INSERT INTO auto_feedback (submission_id,annotations_json,summary_json,error_counts_json,created_at) VALUES (14,'[{"type": "LEX_INFORMAL", "message": "Informal expression stuff", "suggestion": "Use formal vocabulary"}]','{"task": {"score_suggested": 5.5, "rationale": "Basic coverage"}, "coh": {"score_suggested": 5.0, "rationale": "Need stronger transitions"}, "lex": {"score_suggested": 5.5, "rationale": "Some repetition"}, "gra": {"score_suggested": 5.0, "rationale": "Grammar issues"}}','{"LEX_INFORMAL": 1, "LEX_WRONG_COLLOCATION": 1, "COH_POOR_TRANSITION": 1}',datetime('now','-6 day'));
INSERT INTO error_events (submission_id,error_code,severity,snippet,created_at) VALUES (14,'TASK_NO_EXAMPLE','medium','In my opinion, this topic is very important for modern society. However many students do a decision ',datetime('now','-6 day'));
INSERT INTO error_events (submission_id,error_code,severity,snippet,created_at) VALUES (14,'LEX_WORD_CHOICE','medium','In my opinion, this topic is very important for modern society. However many students do a decision ',datetime('now','-6 day'));
INSERT INTO error_events (submission_id,error_code,severity,snippet,created_at) VALUES (14,'TASK_OFF_TOPIC','medium','In my opinion, this topic is very important for modern society. However many students do a decision ',datetime('now','-6 day'));
INSERT INTO submissions (id,user_id,task_id,title,content,word_count,status,created_at) VALUES (15,3,16,'Demo submission 15','In my opinion, this topic is very important for modern society. However many students do a decision quickly and use stuff in informal ways. Therefore schools should provide clear guidance and practical examples for long-term benefits.',36,'submitted',datetime('now','-5 day'));
INSERT INTO submission_versions (submission_id,version_no,content,created_at) VALUES (15,1,'In my opinion, this topic is very important for modern society. However many students do a decision quickly and use stuff in informal ways. Therefore schools should provide clear guidance and practical examples for long-term benefits.',datetime('now','-5 day'));
INSERT INTO auto_feedback (submission_id,annotations_json,summary_json,error_counts_json,created_at) VALUES (15,'[{"type": "LEX_INFORMAL", "message": "Informal expression stuff", "suggestion": "Use formal vocabulary"}]','{"task": {"score_suggested": 5.5, "rationale": "Basic coverage"}, "coh": {"score_suggested": 5.0, "rationale": "Need stronger transitions"}, "lex": {"score_suggested": 5.5, "rationale": "Some repetition"}, "gra": {"score_suggested": 5.0, "rationale": "Grammar issues"}}','{"LEX_INFORMAL": 1, "LEX_WRONG_COLLOCATION": 1, "COH_POOR_TRANSITION": 1}',datetime('now','-5 day'));
INSERT INTO error_events (submission_id,error_code,severity,snippet,created_at) VALUES (15,'LEX_INFORMAL','medium','In my opinion, this topic is very important for modern society. However many students do a decision ',datetime('now','-5 day'));
INSERT INTO error_events (submission_id,error_code,severity,snippet,created_at) VALUES (15,'COH_PARAGRAPHING','medium','In my opinion, this topic is very important for modern society. However many students do a decision ',datetime('now','-5 day'));
INSERT INTO error_events (submission_id,error_code,severity,snippet,created_at) VALUES (15,'GRA_TENSE','medium','In my opinion, this topic is very important for modern society. However many students do a decision ',datetime('now','-5 day'));
INSERT INTO submissions (id,user_id,task_id,title,content,word_count,status,created_at) VALUES (16,4,17,'Demo submission 16','In my opinion, this topic is very important for modern society. However many students do a decision quickly and use stuff in informal ways. Therefore schools should provide clear guidance and practical examples for long-term benefits.',36,'submitted',datetime('now','-4 day'));
INSERT INTO submission_versions (submission_id,version_no,content,created_at) VALUES (16,1,'In my opinion, this topic is very important for modern society. However many students do a decision quickly and use stuff in informal ways. Therefore schools should provide clear guidance and practical examples for long-term benefits.',datetime('now','-4 day'));
INSERT INTO auto_feedback (submission_id,annotations_json,summary_json,error_counts_json,created_at) VALUES (16,'[{"type": "LEX_INFORMAL", "message": "Informal expression stuff", "suggestion": "Use formal vocabulary"}]','{"task": {"score_suggested": 5.5, "rationale": "Basic coverage"}, "coh": {"score_suggested": 5.0, "rationale": "Need stronger transitions"}, "lex": {"score_suggested": 5.5, "rationale": "Some repetition"}, "gra": {"score_suggested": 5.0, "rationale": "Grammar issues"}}','{"LEX_INFORMAL": 1, "LEX_WRONG_COLLOCATION": 1, "COH_POOR_TRANSITION": 1}',datetime('now','-4 day'));
INSERT INTO error_events (submission_id,error_code,severity,snippet,created_at) VALUES (16,'TASK_NO_EXAMPLE','medium','In my opinion, this topic is very important for modern society. However many students do a decision ',datetime('now','-4 day'));
INSERT INTO error_events (submission_id,error_code,severity,snippet,created_at) VALUES (16,'GRA_FRAGMENT','medium','In my opinion, this topic is very important for modern society. However many students do a decision ',datetime('now','-4 day'));
INSERT INTO error_events (submission_id,error_code,severity,snippet,created_at) VALUES (16,'COH_POOR_TRANSITION','medium','In my opinion, this topic is very important for modern society. However many students do a decision ',datetime('now','-4 day'));
INSERT INTO submissions (id,user_id,task_id,title,content,word_count,status,created_at) VALUES (17,3,18,'Demo submission 17','In my opinion, this topic is very important for modern society. However many students do a decision quickly and use stuff in informal ways. Therefore schools should provide clear guidance and practical examples for long-term benefits.',36,'submitted',datetime('now','-3 day'));
INSERT INTO submission_versions (submission_id,version_no,content,created_at) VALUES (17,1,'In my opinion, this topic is very important for modern society. However many students do a decision quickly and use stuff in informal ways. Therefore schools should provide clear guidance and practical examples for long-term benefits.',datetime('now','-3 day'));
INSERT INTO auto_feedback (submission_id,annotations_json,summary_json,error_counts_json,created_at) VALUES (17,'[{"type": "LEX_INFORMAL", "message": "Informal expression stuff", "suggestion": "Use formal vocabulary"}]','{"task": {"score_suggested": 5.5, "rationale": "Basic coverage"}, "coh": {"score_suggested": 5.0, "rationale": "Need stronger transitions"}, "lex": {"score_suggested": 5.5, "rationale": "Some repetition"}, "gra": {"score_suggested": 5.0, "rationale": "Grammar issues"}}','{"LEX_INFORMAL": 1, "LEX_WRONG_COLLOCATION": 1, "COH_POOR_TRANSITION": 1}',datetime('now','-3 day'));
INSERT INTO error_events (submission_id,error_code,severity,snippet,created_at) VALUES (17,'GRA_ARTICLE','medium','In my opinion, this topic is very important for modern society. However many students do a decision ',datetime('now','-3 day'));
INSERT INTO error_events (submission_id,error_code,severity,snippet,created_at) VALUES (17,'COH_PARAGRAPHING','medium','In my opinion, this topic is very important for modern society. However many students do a decision ',datetime('now','-3 day'));
INSERT INTO error_events (submission_id,error_code,severity,snippet,created_at) VALUES (17,'COH_POOR_TRANSITION','medium','In my opinion, this topic is very important for modern society. However many students do a decision ',datetime('now','-3 day'));
INSERT INTO submissions (id,user_id,task_id,title,content,word_count,status,created_at) VALUES (18,4,19,'Demo submission 18','In my opinion, this topic is very important for modern society. However many students do a decision quickly and use stuff in informal ways. Therefore schools should provide clear guidance and practical examples for long-term benefits.',36,'submitted',datetime('now','-2 day'));
INSERT INTO submission_versions (submission_id,version_no,content,created_at) VALUES (18,1,'In my opinion, this topic is very important for modern society. However many students do a decision quickly and use stuff in informal ways. Therefore schools should provide clear guidance and practical examples for long-term benefits.',datetime('now','-2 day'));
INSERT INTO auto_feedback (submission_id,annotations_json,summary_json,error_counts_json,created_at) VALUES (18,'[{"type": "LEX_INFORMAL", "message": "Informal expression stuff", "suggestion": "Use formal vocabulary"}]','{"task": {"score_suggested": 5.5, "rationale": "Basic coverage"}, "coh": {"score_suggested": 5.0, "rationale": "Need stronger transitions"}, "lex": {"score_suggested": 5.5, "rationale": "Some repetition"}, "gra": {"score_suggested": 5.0, "rationale": "Grammar issues"}}','{"LEX_INFORMAL": 1, "LEX_WRONG_COLLOCATION": 1, "COH_POOR_TRANSITION": 1}',datetime('now','-2 day'));
INSERT INTO error_events (submission_id,error_code,severity,snippet,created_at) VALUES (18,'COH_POOR_TRANSITION','medium','In my opinion, this topic is very important for modern society. However many students do a decision ',datetime('now','-2 day'));
INSERT INTO error_events (submission_id,error_code,severity,snippet,created_at) VALUES (18,'TASK_NO_EXAMPLE','medium','In my opinion, this topic is very important for modern society. However many students do a decision ',datetime('now','-2 day'));
INSERT INTO error_events (submission_id,error_code,severity,snippet,created_at) VALUES (18,'LEX_WORD_CHOICE','medium','In my opinion, this topic is very important for modern society. However many students do a decision ',datetime('now','-2 day'));
INSERT INTO submissions (id,user_id,task_id,title,content,word_count,status,created_at) VALUES (19,3,20,'Demo submission 19','In my opinion, this topic is very important for modern society. However many students do a decision quickly and use stuff in informal ways. Therefore schools should provide clear guidance and practical examples for long-term benefits.',36,'submitted',datetime('now','-1 day'));
INSERT INTO submission_versions (submission_id,version_no,content,created_at) VALUES (19,1,'In my opinion, this topic is very important for modern society. However many students do a decision quickly and use stuff in informal ways. Therefore schools should provide clear guidance and practical examples for long-term benefits.',datetime('now','-1 day'));
INSERT INTO auto_feedback (submission_id,annotations_json,summary_json,error_counts_json,created_at) VALUES (19,'[{"type": "LEX_INFORMAL", "message": "Informal expression stuff", "suggestion": "Use formal vocabulary"}]','{"task": {"score_suggested": 5.5, "rationale": "Basic coverage"}, "coh": {"score_suggested": 5.0, "rationale": "Need stronger transitions"}, "lex": {"score_suggested": 5.5, "rationale": "Some repetition"}, "gra": {"score_suggested": 5.0, "rationale": "Grammar issues"}}','{"LEX_INFORMAL": 1, "LEX_WRONG_COLLOCATION": 1, "COH_POOR_TRANSITION": 1}',datetime('now','-1 day'));
INSERT INTO error_events (submission_id,error_code,severity,snippet,created_at) VALUES (19,'LEX_WRONG_COLLOCATION','medium','In my opinion, this topic is very important for modern society. However many students do a decision ',datetime('now','-1 day'));
INSERT INTO error_events (submission_id,error_code,severity,snippet,created_at) VALUES (19,'GRA_TENSE','medium','In my opinion, this topic is very important for modern society. However many students do a decision ',datetime('now','-1 day'));
INSERT INTO error_events (submission_id,error_code,severity,snippet,created_at) VALUES (19,'LEX_WORD_CHOICE','medium','In my opinion, this topic is very important for modern society. However many students do a decision ',datetime('now','-1 day'));
INSERT INTO submissions (id,user_id,task_id,title,content,word_count,status,created_at) VALUES (20,4,21,'Demo submission 20','In my opinion, this topic is very important for modern society. However many students do a decision quickly and use stuff in informal ways. Therefore schools should provide clear guidance and practical examples for long-term benefits.',36,'submitted',datetime('now','-0 day'));
INSERT INTO submission_versions (submission_id,version_no,content,created_at) VALUES (20,1,'In my opinion, this topic is very important for modern society. However many students do a decision quickly and use stuff in informal ways. Therefore schools should provide clear guidance and practical examples for long-term benefits.',datetime('now','-0 day'));
INSERT INTO auto_feedback (submission_id,annotations_json,summary_json,error_counts_json,created_at) VALUES (20,'[{"type": "LEX_INFORMAL", "message": "Informal expression stuff", "suggestion": "Use formal vocabulary"}]','{"task": {"score_suggested": 5.5, "rationale": "Basic coverage"}, "coh": {"score_suggested": 5.0, "rationale": "Need stronger transitions"}, "lex": {"score_suggested": 5.5, "rationale": "Some repetition"}, "gra": {"score_suggested": 5.0, "rationale": "Grammar issues"}}','{"LEX_INFORMAL": 1, "LEX_WRONG_COLLOCATION": 1, "COH_POOR_TRANSITION": 1}',datetime('now','-0 day'));
INSERT INTO error_events (submission_id,error_code,severity,snippet,created_at) VALUES (20,'GRA_PUNCT','medium','In my opinion, this topic is very important for modern society. However many students do a decision ',datetime('now','-0 day'));
INSERT INTO error_events (submission_id,error_code,severity,snippet,created_at) VALUES (20,'TASK_OFF_TOPIC','medium','In my opinion, this topic is very important for modern society. However many students do a decision ',datetime('now','-0 day'));
INSERT INTO error_events (submission_id,error_code,severity,snippet,created_at) VALUES (20,'LEX_WRONG_COLLOCATION','medium','In my opinion, this topic is very important for modern society. However many students do a decision ',datetime('now','-0 day'));